FirstName,LastName,Email,Phone,StreetAddress1,StreetAdress2,City,State,Country,Zip_PostalCode,Company
Abigail,Abraham,Abigail.Abraham@gmail.com,9087654321,7635 Griffin Circle,N/A,Louisville,KY,US,N/A,Grant - Morar
Alexandra,Allan,Alexandra.Allan@gmail.com,9087654322,878 Cobblestone Drive,N/A,Louisville,KY,US,N/A,"Hammes, Kerluke and Lubowitz"
Alison,Alsop,Alison.Alsop@gmail.com,9087654323,62 Meadow Court,N/A,Louisville,KY,US,N/A,Huels Inc
Amanda,Anderson,Amanda.Anderson@gmail.com,9087654324,62 Meadow Court,N/A,Louisville,KY,US,N/A,McCullough - VonRueden
Amelia,Arnold,Amelia.Arnold@gmail.com,9087654325,78 Depot Avenue,N/A,Louisville,KY,US,N/A,Simonis and Sons
Amy,Avery,Amy.Avery@gmail.com,9087654326,78 Walnutwood Ave.,N/A,Louisville,KY,US,N/A,"Weber, Grady and Greenfelder"
Andrea,Bailey,Andrea.Bailey@gmail.com,9087654327,474 Fordham Lane,N/A,Louisville,KY,US,N/A,"Cassin, Leuschke and Fahey"
Angela,Baker,Angela.Baker@gmail.com,9087654328,474 Fordham Lane,N/A,Louisville,KY,US,N/A,"Boehm, Lakin and Glover"
Anna,Ball,Anna.Ball@gmail.com,9087654329,474 Fordham Lane,N/A,Louisville,KY,US,N/A,Kiehn - Lebsack
Anne,Bell,Anne.Bell@gmail.com,9087654330,878 Cobblestone Drive,N/A,Louisville,KY,US,N/A,Conn - Beatty
Audrey,Berry,Audrey.Berry@gmail.com,9087654331,567 Armstrong St.,N/A,Louisville,KY,US,N/A,"O'Conner, Howell and Bartoletti"
Ava,Black,Ava.Black@gmail.com,9087654332,417 Cedarwood Rd.,N/A,Louisville,KY,US,N/A,"Goldner, Schmitt and Mayer"
Bella,Blake,Bella.Blake@gmail.com,9087654333,474 Fordham Lane,N/A,Louisville,KY,US,N/A,Gusikowski LLC
Bernadette,Bond,Bernadette.Bond@gmail.com,9087654334,7096 Indian Spring Ave.,N/A,Louisville,KY,US,N/A,"Schmidt, Schneider and Reinger"
Carol,Bower,Carol.Bower@gmail.com,9087654335,417 Cedarwood Rd.,N/A,Louisville,KY,US,N/A,"Gleason, Reichel and Rolfson"
Caroline,Brown,Caroline.Brown@gmail.com,9087654336,474 Fordham Lane,N/A,Louisville,KY,US,N/A,"Gibson, Kutch and Abernathy"
Carolyn,Buckland,Carolyn.Buckland@gmail.com,9087654337,878 Cobblestone Drive,N/A,Louisville,KY,US,N/A,"Walker, Kessler and Crona"
Chloe,Burgess,Chloe.Burgess@gmail.com,9087654338,7096 Indian Spring Ave.,N/A,Louisville,KY,US,N/A,Treutel and Sons
Claire,Butler,Claire.Butler@gmail.com,9087654339,417 Cedarwood Rd.,N/A,Louisville,KY,US,N/A,Muller - Daniel
Deirdre,Cameron,Deirdre.Cameron@gmail.com,9087654340,78 Walnutwood Ave.,N/A,Louisville,KY,US,N/A,Weber - Schulist
Diana,Campbell,Diana.Campbell@gmail.com,9087654341,7096 Indian Spring Ave.,N/A,Louisville,KY,US,N/A,Turcotte Inc
Diane,Carr,Diane.Carr@gmail.com,9087654342,567 Armstrong St.,N/A,Louisville,KY,US,N/A,Swaniawski Group
Donna,Chapman,Donna.Chapman@gmail.com,9087654343,39 Silver Spear Avenue,N/A,Louisville,KY,US,N/A,"Bergnaum, Zemlak and Nader"
Dorothy,Churchill,Dorothy.Churchill@gmail.com,9087654344,39 Silver Spear Avenue,N/A,Louisville,KY,US,N/A,"Wisozk, Hauck and O'Kon"
Elizabeth,Clark,Elizabeth.Clark@gmail.com,9087654345,7635 Griffin Circle,N/A,Louisville,KY,US,N/A,"Gerlach, Hartmann and Waelchi"
Ella,Clarkson,Ella.Clarkson@gmail.com,9087654346,878 Cobblestone Drive,N/A,Louisville,KY,US,N/A,"Howell, Howell and Brown"
Emily,Coleman,Emily.Coleman@gmail.com,9087654347,474 Fordham Lane,N/A,Louisville,KY,US,N/A,Rippin and Sons
Emma,Cornish,Emma.Cornish@gmail.com,9087654348,62 Meadow Court,N/A,SDF-LOUISVILLE,KY,US,N/A,"Gerlach, Gleichner and Cormier"
Faith,Davidson,Faith.Davidson@gmail.com,9087654349,474 Fordham Lane,N/A,Louisville,KY,US,N/A,Cartwright - Lebsack
Felicity,Davies,Felicity.Davies@gmail.com,9087654350,878 Cobblestone Drive,N/A,Louisville,KY,US,N/A,"Smith, Kling and Parisian"
Fiona,Dickens,Fiona.Dickens@gmail.com,9087654351,7096 Indian Spring Ave.,N/A,Louisville,KY,US,N/A,Donnelly - Koepp
Gabrielle,Dowd,Gabrielle.Dowd@gmail.com,9087654352,417 Cedarwood Rd.,N/A,Louisville,KY,US,N/A,Gulgowski - Welch
Grace,Duncan,Grace.Duncan@gmail.com,9087654353,7635 Griffin Circle,N/A,Louisville,KY,US,N/A,Kulas and Sons
Hannah,Dyer,Hannah.Dyer@gmail.com,9087654354,78 Walnutwood Ave.,N/A,Louisville,KY,US,N/A,Mann Inc
Heather,Edmunds,Heather.Edmunds@gmail.com,9087654355,417 Cedarwood Rd.,N/A,Louisville,KY,US,N/A,Kulas - Yost
Irene,Ellison,Irene.Ellison@gmail.com,9087654356,474 Fordham Lane,N/A,Louisville,KY,US,N/A,West and Sons
Jan,Ferguson,Jan.Ferguson@gmail.com,9087654357,417 Cedarwood Rd.,N/A,Louisville,KY,US,N/A,Kerluke - Dooley
Jane,Fisher,Jane.Fisher@gmail.com,9087654358,78 Walnutwood Ave.,N/A,Louisville,KY,US,N/A,Padberg LLC
Jasmine,Forsyth,Jasmine.Forsyth@gmail.com,9087654359,474 Fordham Lane,N/A,Louisville,KY,US,N/A,Vandervort Inc
Jennifer,Fraser,Jennifer.Fraser@gmail.com,9087654360,417 Cedarwood Rd.,N/A,Louisville,KY,US,N/A,Harber Group
Jessica,Gibson,Jessica.Gibson@gmail.com,9087654361,474 Fordham Lane,N/A,Louisville,KY,US,N/A,Erdman - Gutmann
Joan,Gill,Joan.Gill@gmail.com,9087654362,567 Armstrong St.,N/A,Louisville,KY,US,N/A,"Boyle, Fritsch and Ankunding"
Joanne,Glover,Joanne.Glover@gmail.com,9087654363,39 Silver Spear Avenue,N/A,Louisville,KY,US,N/A,"Bailey, Effertz and Haag"
Julia,Graham,Julia.Graham@gmail.com,9087654364,567 Armstrong St.,N/A,Louisville,KY,US,N/A,Collier Group
Karen,Grant,Karen.Grant@gmail.com,9087654365,878 Cobblestone Drive,N/A,Louisville,KY,US,N/A,Schinner LLC
Katherine,Gray,Katherine.Gray@gmail.com,9087654366,474 Fordham Lane,N/A,Louisville,KY,US,N/A,Labadie - Harber
Kimberly,Greene,Kimberly.Greene@gmail.com,9087654367,78 Walnutwood Ave.,N/A,Louisville,KY,US,N/A,Hackett - Frami
Kylie,Hamilton,Kylie.Hamilton@gmail.com,9087654368,474 Fordham Lane,N/A,Louisville,KY,US,N/A,"Kshlerin, Balistreri and Bernhard"
Lauren,Hardacre,Lauren.Hardacre@gmail.com,9087654369,417 Cedarwood Rd.,N/A,Louisville,KY,US,N/A,Feest - Tremblay
Leah,Harris,Leah.Harris@gmail.com,9087654370,7096 Indian Spring Ave.,N/A,Louisville,KY,US,N/A,"Pagac, Windler and Mraz"
Lillian,Hart,Lillian.Hart@gmail.com,9087654371,7635 Griffin Circle,N/A,Louisville,KY,US,N/A,Hirthe - Feest
Lily,Hemmings,Lily.Hemmings@gmail.com,9087654372,39 Silver Spear Avenue,N/A,Louisville,KY,US,N/A,"Mayert, Kunze and Effertz"
Lisa,Henderson,Lisa.Henderson@gmail.com,9087654373,7635 Griffin Circle,N/A,SDF-LOUISVILLE,KY,US,N/A,Herman Group
Madeleine,Hill,Madeleine.Hill@gmail.com,9087654374,567 Armstrong St.,N/A,SDF-LOUISVILLE,KY,US,N/A,Kihn LLC
Maria,Hodges,Maria.Hodges@gmail.com,9087654375,39 Silver Spear Avenue,N/A,SDF-LOUISVILLE,KY,US,N/A,Streich Inc
Mary,Howard,Mary.Howard@gmail.com,9087654376,78 Depot Avenue,N/A,SDF-LOUISVILLE,KY,US,N/A,Bartoletti LLC
Megan,Hudson,Megan.Hudson@gmail.com,9087654377,567 Armstrong St.,N/A,SDF-LOUISVILLE,KY,US,N/A,Heathcote - VonRueden
Melanie,Hughes,Melanie.Hughes@gmail.com,9087654378,78 Walnutwood Ave.,N/A,SDF-LOUISVILLE,KY,US,N/A,Beatty and Sons
Michelle,Hunter,Michelle.Hunter@gmail.com,9087654379,567 Armstrong St.,N/A,SDF-LOUISVILLE,KY,US,N/A,Leannon - Borer
Molly,Ince,Molly.Ince@gmail.com,9087654380,7096 Indian Spring Ave.,N/A,SDF-LOUISVILLE,KY,US,N/A,Von and Sons
Natalie,Jackson,Natalie.Jackson@gmail.com,9087654381,567 Armstrong St.,N/A,SDF-LOUISVILLE,KY,US,N/A,Leannon LLC
Nicola,James,Nicola.James@gmail.com,9087654382,78 Depot Avenue,N/A,SDF-LOUISVILLE,KY,US,N/A,Lowe - Aufderhar
Olivia,Johnston,Olivia.Johnston@gmail.com,9087654383,39 Silver Spear Avenue,N/A,SDF-LOUISVILLE,KY,US,N/A,"Legros, Runolfsdottir and Will"
Penelope,Jones,Penelope.Jones@gmail.com,9087654384,7635 Griffin Circle,N/A,SDF-LOUISVILLE,KY,US,N/A,Rath and Sons
Pippa,Kelly,Pippa.Kelly@gmail.com,9087654385,474 Fordham Lane,N/A,Louisville,KY,US,N/A,Kunze - Walter
Rachel,Kerr,Rachel.Kerr@gmail.com,9087654386,417 Cedarwood Rd.,N/A,Louisville,KY,US,N/A,Murazik - Schimmel
Rebecca,King,Rebecca.King@gmail.com,9087654387,878 Cobblestone Drive,N/A,Louisville,KY,US,N/A,Wehner - Boyle
Rose,Knox,Rose.Knox@gmail.com,9087654388,474 Fordham Lane,N/A,Louisville,KY,US,N/A,"Farrell, Stark and Goodwin"
Ruth,Lambert,Ruth.Lambert@gmail.com,9087654389,62 Meadow Court,N/A,Louisville,KY,US,N/A,"Bednar, Bogisich and Mitchell"
Sally,Langdon,Sally.Langdon@gmail.com,9087654390,878 Cobblestone Drive,N/A,Louisville,KY,US,N/A,"Kuvalis, Schultz and Braun"
Samantha,Lawrence,Samantha.Lawrence@gmail.com,9087654391,7096 Indian Spring Ave.,N/A,SDF-LOUISVILLE,KY,US,N/A,"Johns, Bruen and Kovacek"
Sarah,Lee,Sarah.Lee@gmail.com,9087654392,78 Walnutwood Ave.,N/A,SDF-LOUISVILLE,KY,US,N/A,Dare and Sons
Sonia,Lewis,Sonia.Lewis@gmail.com,9087654393,878 Cobblestone Drive,N/A,SDF-LOUISVILLE,KY,US,N/A,Barton Inc
Sophie,Lyman,Sophie.Lyman@gmail.com,9087654394,474 Fordham Lane,N/A,SDF-LOUISVILLE,KY,US,N/A,Hand - Watsica
Stephanie,MacDonald,Stephanie.MacDonald@gmail.com,9087654395,7635 Griffin Circle,N/A,SDF-LOUISVILLE,KY,US,N/A,Pagac - Ratke
Sue,Mackay,Sue.Mackay@gmail.com,9087654396,7635 Griffin Circle,N/A,SDF-LOUISVILLE,KY,US,N/A,Crist - Carter
Theresa,Mackenzie,Theresa.Mackenzie@gmail.com,9087654397,417 Cedarwood Rd.,N/A,SDF-LOUISVILLE,KY,US,N/A,Hoppe and Sons
Tracey,MacLeod,Tracey.MacLeod@gmail.com,9087654398,62 Meadow Court,N/A,SDF-LOUISVILLE,KY,US,N/A,Klein - Bailey
Una,Manning,Una.Manning@gmail.com,9087654399,567 Armstrong St.,N/A,SDF-LOUISVILLE,KY,US,N/A,Boyer and Sons
Vanessa,Marshall,Vanessa.Marshall@gmail.com,9087654400,878 Cobblestone Drive,N/A,LOUISVILLE,KY,US,N/A,"Hammes, Hermiston and Morissette"
Victoria,Martin,Victoria.Martin@gmail.com,9087654401,62 Meadow Court,N/A,LOUISVILLE,KY,US,N/A,Schiller - VonRueden
Virginia,Mathis,Virginia.Mathis@gmail.com,9087654402,7635 Griffin Circle,N/A,SDF-LOUISVILLE,KY,US,N/A,"Sanford, Dach and Bruen"
Wanda,May,Wanda.May@gmail.com,9087654403,39 Silver Spear Avenue,N/A,SDF-LOUISVILLE,KY,US,N/A,"Littel, Kassulke and Bradtke"
Wendy,McDonald,Wendy.McDonald@gmail.com,9087654404,474 Fordham Lane,N/A,SDF-LOUISVILLE,KY,US,N/A,"Torphy, Hirthe and Erdman"
Yvonne,McLean,Yvonne.McLean@gmail.com,9087654405,7096 Indian Spring Ave.,N/A,SDF-LOUISVILLE,KY,US,N/A,Konopelski LLC
Zoe,McGrath,Zoe.McGrath@gmail.com,9087654406,78 Walnutwood Ave.,N/A,SDF-LOUISVILLE,KY,US,N/A,"Windler, Dicki and Hilpert"
Adam,Metcalfe,Adam.Metcalfe@gmail.com,9087654407,474 Fordham Lane,N/A,SDF-LOUISVILLE,KY,US,N/A,Bode - Beatty
Adrian,Miller,Adrian.Miller@gmail.com,9087654408,417 Cedarwood Rd.,N/A,SDF-LOUISVILLE,KY,US,N/A,"Emmerich, Von and Quigley"
Alan,Mills,Alan.Mills@gmail.com,9087654409,39 Silver Spear Avenue,N/A,SDF-LOUISVILLE,KY,US,N/A,"Orn, Wehner and Ledner"
Alexander,Mitchell,Alexander.Mitchell@gmail.com,9087654410,567 Armstrong St.,N/A,SDF-LOUISVILLE,KY,US,N/A,Kulas - Kshlerin
Andrew,Morgan,Andrew.Morgan@gmail.com,9087654411,78 Depot Avenue,N/A,SDF-LOUISVILLE,KY,US,N/A,Parisian and Sons
Anthony,Morrison,Anthony.Morrison@gmail.com,9087654412,474 Fordham Lane,N/A,SDF-LOUISVILLE,KY,US,N/A,"Bogisich, Hodkiewicz and Padberg"
Austin,Murray,Austin.Murray@gmail.com,9087654413,417 Cedarwood Rd.,N/A,SDF-LOUISVILLE,KY,US,N/A,Simonis - Kiehn
Benjamin,Nash,Benjamin.Nash@gmail.com,9087654414,567 Armstrong St.,N/A,SDF-LOUISVILLE,KY,US,N/A,"Wisoky, Kunze and Lemke"
Blake,Newman,Blake.Newman@gmail.com,9087654415,7635 Griffin Circle,N/A,SDF-LOUISVILLE,KY,US,N/A,Brakus LLC
Boris,Nolan,Boris.Nolan@gmail.com,9087654416,474 Fordham Lane,N/A,SDF-LOUISVILLE,KY,US,N/A,Turcotte and Sons
Brandon,North,Brandon.North@gmail.com,9087654417,567 Armstrong St.,N/A,SDF-LOUISVILLE,KY,US,N/A,McDermott - Satterfield
Brian,Ogden,Brian.Ogden@gmail.com,9087654418,417 Cedarwood Rd.,N/A,SDF-LOUISVILLE,KY,US,N/A,Steuber and Sons
Cameron,Oliver,Cameron.Oliver@gmail.com,9087654419,7635 Griffin Circle,N/A,LOUISVILLE,KY,US,N/A,Blick - Kris
Carl,Paige,Carl.Paige@gmail.com,9087654420,78 Walnutwood Ave.,N/A,SDF-LOUISVILLE,KY,US,N/A,Gutmann - Nader
Charles,Parr,Charles.Parr@gmail.com,9087654421,78 Depot Avenue,N/A,SDF-LOUISVILLE,KY,US,N/A,"Doyle, Cummings and Kuphal"
Christian,Parsons,Christian.Parsons@gmail.com,9087654422,2200 OUTER LOOP,N/A,SDF-LOUISVILLE,KY,US,N/A,"Ebert, Wintheiser and DuBuque"
Christopher,Paterson,Christopher.Paterson@gmail.com,9087654423,878 Cobblestone Drive,N/A,LOUISVILLE,KY,US,N/A,Hilll and Sons
Colin,Payne,Colin.Payne@gmail.com,9087654424,62 Meadow Court,N/A,LOUISVILLE,KY,US,N/A,"O'Connell, Ruecker and Schulist"
Connor,Peake,Connor.Peake@gmail.com,9087654425,2200 Outer Loop,N/A,SDF-LOUISVILLE,KY,US,N/A,Jacobs LLC
Dan,Peters,Dan.Peters@gmail.com,9087654426,39 Silver Spear Avenue,N/A,SDF-LOUISVILLE,KY,US,N/A,Dicki - Hills
David,Piper,David.Piper@gmail.com,9087654427,7096 Indian Spring Ave.,N/A,SDF-LOUISVILLE,KY,US,N/A,Predovic - Hodkiewicz
Dominic,Poole,Dominic.Poole@gmail.com,9087654428,417 Cedarwood Rd.,N/A,SDF-LOUISVILLE,KY,US,N/A,Fadel - Fahey
Dylan,Powell,Dylan.Powell@gmail.com,9087654429,39 Silver Spear Avenue,N/A,SDF-LOUISVILLE,KY,US,N/A,Macejkovic Group
Edward,Pullman,Edward.Pullman@gmail.com,9087654430,7635 Griffin Circle,N/A,SDF-LOUISVILLE,KY,US,N/A,"Rohan, Rogahn and Langosh"
Eric,Quinn,Eric.Quinn@gmail.com,9087654431,567 Armstrong St.,N/A,SDF-LOUISVILLE,KY,US,N/A,Hoeger Group
Evan,Rampling,Evan.Rampling@gmail.com,9087654432,39 Silver Spear Avenue,N/A,SDF-LOUISVILLE,KY,US,N/A,Olson - Wilkinson
Frank,Randall,Frank.Randall@gmail.com,9087654433,7096 Indian Spring Ave.,N/A,SDF-LOUISVILLE,KY,US,N/A,Grant Group
Gavin,Rees,Gavin.Rees@gmail.com,9087654434,78 Depot Avenue,N/A,SDF-LOUISVILLE,KY,US,N/A,"Huels, Greenfelder and MacGyver"
Gordon,Reid,Gordon.Reid@gmail.com,9087654435,62 Meadow Court,N/A,SDF-LOUISVILLE,KY,US,N/A,Graham - VonRueden
Harry,Roberts,Harry.Roberts@gmail.com,9087654436,39 Silver Spear Avenue,N/A,SDF-LOUISVILLE,KY,US,N/A,Haag - Schoen
Ian,Robertson,Ian.Robertson@gmail.com,9087654437,62 Meadow Court,N/A,SDF-LOUISVILLE,KY,US,N/A,"Homenick, Nikolaus and Beer"
Isaac,Ross,Isaac.Ross@gmail.com,9087654438,39 Silver Spear Avenue,N/A,SDF-LOUISVILLE,KY,US,N/A,Morissette - Balistreri
Jack,Russell,Jack.Russell@gmail.com,9087654439,417 Cedarwood Rd.,N/A,SDF-LOUISVILLE,KY,US,N/A,"Gaylord, Strosin and Casper"
Jacob,Rutherford,Jacob.Rutherford@gmail.com,9087654440,878 Cobblestone Drive,N/A,SDF-LOUISVILLE,KY,US,N/A,Kilback and Sons
Jake,Sanderson,Jake.Sanderson@gmail.com,9087654441,474 Fordham Lane,N/A,SDF-LOUISVILLE,KY,US,N/A,Paucek - Bergnaum
James,Scott,James.Scott@gmail.com,9087654442,417 Cedarwood Rd.,N/A,SDF-LOUISVILLE,KY,US,N/A,"Lueilwitz, Schaefer and Runte"
Jason,Sharp,Jason.Sharp@gmail.com,9087654443,417 Cedarwood Rd.,N/A,SDF-LOUISVILLE,KY,US,N/A,O'Connell - Hagenes
Joe,Short,Joe.Short@gmail.com,9087654444,39 Silver Spear Avenue,N/A,SDF-LOUISVILLE,KY,US,N/A,"McLaughlin, Shanahan and Connelly"
John,Simpson,John.Simpson@gmail.com,9087654445,567 Armstrong St.,N/A,SDF-LOUISVILLE,KY,US,N/A,Weimann - Mueller
Jonathan,Skinner,Jonathan.Skinner@gmail.com,9087654446,78 Depot Avenue,N/A,SDF-LOUISVILLE,KY,US,N/A,"Hyatt, Batz and Parisian"
Joseph,Slater,Joseph.Slater@gmail.com,9087654447,78 Walnutwood Ave.,N/A,SDF-LOUISVILLE,KY,US,N/A,Feeney LLC
Joshua,Smith,Joshua.Smith@gmail.com,9087654448,78 Walnutwood Ave.,N/A,SDF-LOUISVILLE,KY,US,N/A,Heaney - Waelchi
Julian,Springer,Julian.Springer@gmail.com,9087654449,878 Cobblestone Drive,N/A,SDF-LOUISVILLE,KY,US,N/A,Will Inc
Justin,Stewart,Justin.Stewart@gmail.com,9087654450,567 Armstrong St.,N/A,SDF-LOUISVILLE,KY,US,N/A,"Harvey, Langworth and Hodkiewicz"
Keith,Sutherland,Keith.Sutherland@gmail.com,9087654451,474 Fordham Lane,N/A,SDF-LOUISVILLE,KY,US,N/A,"Windler, Fisher and Huels"
Kevin,Taylor,Kevin.Taylor@gmail.com,9087654452,474 Fordham Lane,N/A,SAO-SAO PAULO,SP,BR,N/A,Batz - Yost
Leonard,Terry,Leonard.Terry@gmail.com,9087654453,7096 Indian Spring Ave.,N/A,SAO-SAO PAULO,SP,BR,N/A,"Hettinger, Rempel and Gislason"
Liam,Thomson,Liam.Thomson@gmail.com,9087654454,78 Depot Avenue,N/A,SAO-SAO PAULO,SP,BR,N/A,Heller - Dare
Lucas,Tucker,Lucas.Tucker@gmail.com,9087654455,62 Meadow Court,N/A,SAO-SAO PAULO,SP,BR,N/A,"Ruecker, Goldner and Mayer"
Luke,Turner,Luke.Turner@gmail.com,9087654456,567 Armstrong St.,N/A,SAO-SAO PAULO,SP,BR,N/A,Shanahan and Sons
Matt,Underwood,Matt.Underwood@gmail.com,9087654457,39 Silver Spear Avenue,N/A,SAO-SAO PAULO,SP,BR,N/A,"Kuhlman, Baumbach and Ward"
Max,Vance,Max.Vance@gmail.com,9087654458,39 Silver Spear Avenue,N/A,SAO-SAO PAULO,SP,BR,N/A,"Waters, Moen and Armstrong"
Michael,Vaughan,Michael.Vaughan@gmail.com,9087654459,7635 Griffin Circle,N/A,SAO-SAO PAULO,SP,BR,N/A,Bednar - Leannon
Nathan,Walker,Nathan.Walker@gmail.com,9087654460,62 Meadow Court,N/A,SAO-SAO PAULO,SP,BR,N/A,Renner - Volkman
Neil,Wallace,Neil.Wallace@gmail.com,9087654461,7096 Indian Spring Ave.,N/A,SAO-SAO PAULO,SP,BR,N/A,Berge - Stiedemann
Nicholas,Walsh,Nicholas.Walsh@gmail.com,9087654462,78 Walnutwood Ave.,N/A,SAO-SAO PAULO,SP,BR,N/A,"Fritsch, Pollich and Ward"
Oliver,Watson,Oliver.Watson@gmail.com,9087654463,567 Armstrong St.,N/A,SAO-SAO PAULO,SP,BR,N/A,Douglas and Sons
Owen,Welch,Owen.Welch@gmail.com,9087654464,39 Silver Spear Avenue,N/A,SAO-SAO PAULO,SP,BR,N/A,Cummings - Schroeder
Paul,White,Paul.White@gmail.com,9087654465,78 Depot Avenue,N/A,SAO-SAO PAULO,SP,BR,N/A,Konopelski - Steuber
Peter,Wilkins,Peter.Wilkins@gmail.com,9087654466,62 Meadow Court,N/A,SAO-SAO PAULO,SP,BR,N/A,Feeney Inc
Phil,Wilson,Phil.Wilson@gmail.com,9087654467,39 Silver Spear Avenue,N/A,SAO-SAO PAULO,SP,BR,N/A,Torp and Sons
Piers,Wright,Piers.Wright@gmail.com,9087654468,62 Meadow Court,N/A,SAO-SAO PAULO,SP,BR,N/A,Weimann LLC
Richard,Young,Richard.Young@gmail.com,9087654469,78 Depot Avenue,N/A,SAO-SAO PAULO,SP,BR,N/A,"Hickle, Hyatt and Rohan"
Robert,Abraham,Robert.Abraham@gmail.com,9087654470,474 Fordham Lane,N/A,SAO PAULO,SP,BR,N/A,Pouros Group
Ryan,Allan,Ryan.Allan@gmail.com,9087654471,417 Cedarwood Rd.,N/A,SAO-SAO PAULO,SP,BR,N/A,Wehner - Yost
Sam,Alsop,Sam.Alsop@gmail.com,9087654472,878 Cobblestone Drive,N/A,SAO-SAO PAULO,SP,BR,N/A,"Pollich, Waters and Becker"
Sean,Anderson,Sean.Anderson@gmail.com,9087654473,78 Walnutwood Ave.,N/A,SAO-SAO PAULO,SP,BR,N/A,Jakubowski - Kerluke
Sebastian,Arnold,Sebastian.Arnold@gmail.com,9087654474,39 Silver Spear Avenue,N/A,SAO-SAO PAULO,SP,BR,N/A,"Wehner, Mayer and Leffler"
Simon,Avery,Simon.Avery@gmail.com,9087654475,78 Depot Avenue,N/A,SAO-SAO PAULO,SP,BR,N/A,Kuhic - Harris
Stephen,Bailey,Stephen.Bailey@gmail.com,9087654476,878 Cobblestone Drive,N/A,SAO-SAO PAULO,SP,BR,N/A,"Pfeffer, Metz and Wilderman"
Steven,Baker,Steven.Baker@gmail.com,9087654477,78 Walnutwood Ave.,N/A,SAO-SAO PAULO,SP,BR,N/A,Yundt - Fritsch
Stewart,Ball,Stewart.Ball@gmail.com,9087654478,78 Walnutwood Ave.,N/A,SAO-SAO PAULO,SP,BR,N/A,Stehr and Sons
Thomas,Bell,Thomas.Bell@gmail.com,9087654479,474 Fordham Lane,N/A,SAO-SAO PAULO,SP,BR,N/A,Luettgen - Kuhlman
Tim,Berry,Tim.Berry@gmail.com,9087654480,878 Cobblestone Drive,N/A,SAO-SAO PAULO,SP,BR,N/A,Rohan - Collier
Trevor,Black,Trevor.Black@gmail.com,9087654481,78 Walnutwood Ave.,N/A,SAO-SAO PAULO,SP,BR,N/A,"Padberg, Kreiger and Bashirian"
Victor,Blake,Victor.Blake@gmail.com,9087654482,78 Depot Avenue,N/A,SAO-SAO PAULO,SP,BR,N/A,Marks - Kub
Warren,Bond,Warren.Bond@gmail.com,9087654483,417 Cedarwood Rd.,N/A,SAO-SAO PAULO,SP,BR,N/A,Armstrong - Swift
William,Bower,William.Bower@gmail.com,9087654484,474 Fordham Lane,N/A,SAO-SAO PAULO,SP,BR,N/A,Hills Group
Adam,Brown,Adam.Brown@gmail.com,9087654485,417 Cedarwood Rd.,N/A,SAO-SAO PAULO,SP,BR,N/A,Schultz LLC
Adrian,Buckland,Adrian.Buckland@gmail.com,9087654486,7096 Indian Spring Ave.,N/A,SAO-SAO PAULO,SP,BR,N/A,"Rodriguez, Wolf and Towne"
Alan,Burgess,Alan.Burgess@gmail.com,9087654487,474 Fordham Lane,N/A,SAO-SAO PAULO,SP,BR,N/A,Cartwright LLC
Alexander,Butler,Alexander.Butler@gmail.com,9087654488,78 Walnutwood Ave.,N/A,SAO-SAO PAULO,SP,BR,N/A,Mills - Rodriguez
Andrew,Cameron,Andrew.Cameron@gmail.com,9087654489,878 Cobblestone Drive,N/A,SAO-SAO PAULO,SP,BR,N/A,Bogan Inc
Anthony,Campbell,Anthony.Campbell@gmail.com,9087654490,78 Walnutwood Ave.,N/A,SAO-SAO PAULO,SP,BR,N/A,"Kuhlman, Koch and Heidenreich"
Austin,Carr,Austin.Carr@gmail.com,9087654491,878 Cobblestone Drive,N/A,SAO-SAO PAULO,SP,BR,N/A,Roberts and Sons
Benjamin,Chapman,Benjamin.Chapman@gmail.com,9087654492,567 Armstrong St.,N/A,SAO-SAO PAULO,SP,BR,N/A,Marks - Hickle
Blake,Churchill,Blake.Churchill@gmail.com,9087654493,78 Depot Avenue,N/A,SAO-SAO PAULO,SP,BR,N/A,"Gorczany, Medhurst and Swift"
Boris,Clark,Boris.Clark@gmail.com,9087654494,474 Fordham Lane,N/A,SAO-SAO PAULO,SP,BR,N/A,Terry - Grady
Brandon,Clarkson,Brandon.Clarkson@gmail.com,9087654495,78 Depot Avenue,N/A,SAO-SAO PAULO,SP,BR,N/A,Leuschke and Sons
Brian,Coleman,Brian.Coleman@gmail.com,9087654496,62 Meadow Court,N/A,SAO-SAO PAULO,SP,BR,N/A,Hegmann - Ruecker
Cameron,Cornish,Cameron.Cornish@gmail.com,9087654497,7635 Griffin Circle,N/A,SAO-SAO PAULO,SP,BR,N/A,Reichel LLC
Carl,Davidson,Carl.Davidson@gmail.com,9087654498,878 Cobblestone Drive,N/A,SAO-SAO PAULO,SP,BR,N/A,Konopelski Inc
Charles,Davies,Charles.Davies@gmail.com,9087654499,417 Cedarwood Rd.,N/A,SAO-SAO PAULO,SP,BR,N/A,Pfeffer LLC
Christian,Dickens,Christian.Dickens@gmail.com,9087654500,7096 Indian Spring Ave.,N/A,SAO-SAO PAULO,SP,BR,N/A,Beatty - Miller
Christopher,Dowd,Christopher.Dowd@gmail.com,9087654501,39 Silver Spear Avenue,N/A,SAO-SAO PAULO,SP,BR,N/A,Schaefer LLC
Colin,Duncan,Colin.Duncan@gmail.com,9087654502,62 Meadow Court,N/A,SAO-SAO PAULO,SP,BR,N/A,Zulauf - Schulist
Connor,Dyer,Connor.Dyer@gmail.com,9087654503,417 Cedarwood Rd.,N/A,SAO-SAO PAULO,SP,BR,N/A,Reichert - Lesch
Dan,Edmunds,Dan.Edmunds@gmail.com,9087654504,417 Cedarwood Rd.,N/A,SAO-SAO PAULO,SP,BR,N/A,"Langworth, Maggio and Schinner"
David,Ellison,David.Ellison@gmail.com,9087654505,39 Silver Spear Avenue,N/A,SAO-SAO PAULO,SP,BR,N/A,"Ortiz, Raynor and Kovacek"
Dominic,Ferguson,Dominic.Ferguson@gmail.com,9087654506,78 Walnutwood Ave.,N/A,SAO-SAO PAULO,SP,BR,N/A,Bailey - Dach
Dylan,Fisher,Dylan.Fisher@gmail.com,9087654507,878 Cobblestone Drive,N/A,SAO-SAO PAULO,SP,BR,N/A,Kassulke - Lubowitz
Edward,Forsyth,Edward.Forsyth@gmail.com,9087654508,474 Fordham Lane,N/A,SAO-SAO PAULO,SP,BR,N/A,Fisher and Sons
Eric,Fraser,Eric.Fraser@gmail.com,9087654509,78 Walnutwood Ave.,N/A,SAO-SAO PAULO,SP,BR,N/A,Kshlerin Group
Evan,Gibson,Evan.Gibson@gmail.com,9087654510,39 Silver Spear Avenue,N/A,SAO-SAO PAULO,SP,BR,N/A,Bogan - Wiegand
Frank,Gill,Frank.Gill@gmail.com,9087654511,78 Walnutwood Ave.,N/A,SAO-SAO PAULO,SP,BR,N/A,Gibson LLC
Gavin,Glover,Gavin.Glover@gmail.com,9087654512,567 Armstrong St.,N/A,SAO-SAO PAULO,SP,BR,N/A,Abshire Group
Gordon,Graham,Gordon.Graham@gmail.com,9087654513,474 Fordham Lane,N/A,SAO-SAO PAULO,SP,BR,N/A,Schulist LLC
Harry,Grant,Harry.Grant@gmail.com,9087654514,7096 Indian Spring Ave.,N/A,SAO-SAO PAULO,SP,BR,N/A,Frami - Kutch
Ian,Gray,Ian.Gray@gmail.com,9087654515,7096 Indian Spring Ave.,N/A,SAO-SAO PAULO,SP,BR,N/A,"Lubowitz, Batz and Hagenes"
Isaac,Greene,Isaac.Greene@gmail.com,9087654516,878 Cobblestone Drive,N/A,SAO-SAO PAULO,SP,BR,N/A,Will - Harris
Jack,Hamilton,Jack.Hamilton@gmail.com,9087654517,62 Meadow Court,N/A,SAO-SAO PAULO,SP,BR,N/A,Torphy - Kessler
Jacob,Hardacre,Jacob.Hardacre@gmail.com,9087654518,78 Depot Avenue,N/A,SAO-SAO PAULO,SP,BR,N/A,"Osinski, McClure and Hane"
Jake,Harris,Jake.Harris@gmail.com,9087654519,474 Fordham Lane,N/A,SAO-SAO PAULO,SP,BR,N/A,"White, O'Connell and McKenzie"
James,Hart,James.Hart@gmail.com,9087654520,567 Armstrong St.,N/A,SAO-SAO PAULO,SP,BR,N/A,Bergstrom and Sons
Jason,Hemmings,Jason.Hemmings@gmail.com,9087654521,78 Walnutwood Ave.,N/A,SAO-SAO PAULO,SP,BR,N/A,Fadel and Sons
Joe,Henderson,Joe.Henderson@gmail.com,9087654522,78 Walnutwood Ave.,N/A,SAO-SAO PAULO,SP,BR,N/A,Beatty Inc
John,Hill,John.Hill@gmail.com,9087654523,878 Cobblestone Drive,N/A,SAO-SAO PAULO,SP,BR,N/A,Prosacco - Parker
Jonathan,Hodges,Jonathan.Hodges@gmail.com,9087654524,62 Meadow Court,N/A,SAO-SAO PAULO,SP,BR,N/A,McKenzie - Koss
Joseph,Howard,Joseph.Howard@gmail.com,9087654525,78 Depot Avenue,N/A,SAO-SAO PAULO,SP,BR,N/A,"Abshire, Kunde and Nolan"
Joshua,Hudson,Joshua.Hudson@gmail.com,9087654526,78 Depot Avenue,N/A,SAO-SAO PAULO,SP,BR,N/A,"Hahn, Watsica and Leffler"
Julian,Hughes,Julian.Hughes@gmail.com,9087654527,39 Silver Spear Avenue,N/A,SAO-SAO PAULO,SP,BR,N/A,Mertz - Mann
